{"0,0,0,0,0,0,1,0,1,1,0": [8.282817812071018, 9.101428025905934, 9.010561447228032, 10.786385267650438], "0,0,0,0,1,0,0,0,1,1,0": [11.443318439615098, 9.097754035309325, 11.282119709697382, 11.659469919860573], "0,0,0,0,0,1,0,0,1,1,0": [12.554306397561463, 12.22646329149282, 9.624262717963047, 10.532464753424197], "1,0,0,0,0,1,0,0,1,0,0": [0.0, -1.0, 4.467695941944684, 11.387810522653915], "0,0,0,0,1,0,0,0,1,0,0": [8.98014242158454, 8.626341298910852, 14.332704643169981, 16.213118246265935], "0,0,0,0,1,0,0,1,0,0,1": [8.320645413563291, 12.829532513656535, 8.809336840673446, 10.28888739487339], "0,0,0,0,0,0,1,1,0,0,1": [12.385574551857122, 13.260907521076524, 11.924743841722067, 10.41502638484398], "0,0,0,0,0,0,1,1,0,0,0": [3.428255493529683, 8.766894817443585, 14.660409109011171, 6.4193414976186585], "0,0,0,1,0,0,0,1,0,0,0": [9.374617207617346, 9.115233886974435, 16.291612857845006, 11.860548945619762], "0,0,0,1,0,0,0,1,0,0,1": [9.278728943101772, 12.565734034235849, 12.322536000552798, 10.538330804818369], "0,0,0,1,0,0,0,0,1,0,1": [8.814662832275117, 12.4990807454166, 9.50673043156534, 8.184526976785293], "0,0,0,0,0,0,1,0,1,0,1": [11.032756272836206, 12.611792204928003, 9.732074852615769, 11.598691253212113], "0,0,0,0,0,0,1,0,1,0,0": [5.934358647985556, 8.794613868350655, 6.354632045259181, 15.072396478688171], "0,0,0,0,1,0,0,1,0,1,0": [11.877244366882039, 8.229155845172041, 7.720545631578286, 9.168935539510647], "0,0,0,0,0,1,0,1,0,1,0": [11.596100907773577, 11.017422832099484, 11.935785957368658, 9.449524332157663], "0,0,0,0,0,1,0,1,0,0,0": [9.125960118737755, 5.254238131202854, 14.861566722381783, 5.512571396520779], "0,0,0,1,0,0,0,0,1,1,0": [11.770047716850272, 8.391028350218694, 9.728650703238443, 8.80250860876363], "0,0,1,0,1,0,0,0,1,0,0": [0.0, 8.409999504037904, 0.0, 12.695430112741583], "0,0,1,0,1,0,0,1,0,0,1": [0.0, 11.729296915345891, 0.14138260351160717, 8.848001823533618], "0,0,0,1,0,0,0,0,1,0,0": [9.168606154474656, 7.229316107049373, 6.282647672572106, 3.151381325107793], "0,0,0,0,0,1,0,0,1,0,1": [9.197703766605262, 8.360759015263545, 9.108296671107206, 10.8718416710002], "1,1,0,0,1,0,0,0,1,0,1": [5.284459025833076, 0.0, 0.0, 0.0], "0,1,0,0,0,1,0,0,1,0,1": [8.246012844726993, 0.0, 8.976945272142958, 0.0], "0,0,0,0,1,0,0,0,1,0,1": [8.897949721515015, 12.903593344876766, 11.470565704524665, 12.121364274910801], "0,1,0,0,0,0,1,0,1,0,1": [1.8211559868251705, 12.304079687716818, 0.0, 11.293060069514764], "0,0,1,0,0,1,0,0,1,1,0": [11.348818840088313, 2.331405908569718, 0.0, 11.486881747832074], "0,0,0,0,0,1,0,0,1,0,0": [9.115042136655871, 5.647619198977252, 5.53402432465305, 15.845650011281247], "0,0,0,1,0,0,0,1,0,1,0": [11.68894198503094, 9.052368985764165, 11.99872199148335, 9.670166035825819], "0,0,1,0,0,0,1,1,0,0,1": [0.29027666913211286, 12.351617223542803, 11.454092633542936, 0.0], "1,0,0,0,0,1,0,0,1,1,0": [0.0, 0.18514292882621114, 1.6305202700202126, 6.287466875139127], "0,1,0,0,1,0,0,0,1,1,0": [12.102566799221984, 0.0, 0.9688674390036941, 11.320746709021725], "0,1,0,1,0,0,0,0,1,1,0": [0.0, 8.813623734430893, 8.211059571465729, 0.0], "0,0,1,0,1,0,0,0,1,1,0": [0.0, 8.445041938156958, 1.1912506396273492, 11.367437497802028], "1,0,1,0,0,1,0,0,1,1,0": [0.0, 0.0, 0.0, 10.04414622380282], "0,1,0,0,0,1,0,0,1,1,0": [12.023079015527129, 1.1375148405829472, 8.959170982307386, 0.0], "0,1,0,0,0,0,1,1,0,0,1": [1.2821265068140946, 12.079174124458955, 0.0, 8.840294421649565], "1,1,0,0,0,0,1,1,0,0,1": [0.0, 0.0, 0.0, 5.286944224234648], "1,0,0,1,0,0,0,1,0,0,0": [1.8775273986235235, 3.3788658495339994, 0.0, 0.0], "1,1,1,0,0,1,0,1,0,0,1": [-3.671812854112205, 0.0, 0.0, 0.0], "0,0,1,1,0,0,0,1,0,0,0": [7.171708911235342, 0.0, 13.468577998593915, 0.0], "0,0,1,0,0,1,0,1,0,1,0": [10.448625327335403, 0.0, 0.0, 8.273280766863872], "1,0,0,0,0,0,1,1,0,1,0": [-3.38930410098731, 0.0, 9.489343814239769, 6.6276916044489065], "0,1,0,1,0,0,0,1,0,1,0": [0.0, 8.456963318472052, 11.241772252594766, 0.0], "0,1,0,0,0,1,0,1,0,0,0": [8.004920273272823, 0.0, 14.071128981977632, 0.0], "1,0,0,0,1,0,0,0,1,1,0": [7.137624405343815, 4.049530513282046, 0.0, 0.0], "0,1,0,1,0,0,0,1,0,0,0": [0.0, 6.666976309425056, 13.018451802738506, 0.0], "0,0,1,0,1,0,0,0,1,0,1": [0.0, 12.17028572419489, 4.711610396469951, 11.062254448130297], "0,0,0,0,1,0,0,1,0,0,0": [7.941352448777134, 8.517615248845358, 1.3514685264945232, 6.270282405658323], "0,0,0,0,0,1,0,1,0,0,1": [9.24004379300306, 7.227874217222191, 11.830115342805106, 9.641349134427237], "1,0,1,1,0,0,0,1,0,0,1": [4.028795330406589, 0.0, 0.0, 0.0], "0,0,1,0,0,1,0,1,0,0,1": [7.846084771684136, 0.5533175974788898, 0.0, 9.17805353589108], "0,1,0,0,0,0,1,1,0,0,0": [0.0, 6.64059217069251, 0.0, 3.532059561475646], "0,0,0,0,0,0,1,1,0,1,0": [7.882385995707152, 8.884850556382018, 11.71984543364649, 8.53888045586448], "0,0,0,1,0,0,0,0,0,1,0": [12.98741436426902, 5.189441150844487, 8.532156954227487, 3.503807947630219], "0,1,0,0,0,1,0,1,0,1,0": [11.642427822656815, 0.0, 11.871638974668153, 0.0], "1,0,0,0,1,0,0,1,0,0,1": [4.726835926058344, 9.723698284447218, -2.71, 0.0], "1,0,0,0,0,0,1,1,0,0,0": [0.0, 0.0, 9.544237651754191, 1.2837044709449619], "0,0,1,1,0,0,0,1,0,1,0": [12.017197981539418, 0.0, 10.757544950435275, 2.008770890816577], "0,0,0,0,1,0,0,0,0,1,0": [12.622941010223526, 5.102186739197545, 2.305330688259678, 8.459631840698687], "0,0,0,0,0,1,0,0,0,1,0": [15.661247210261461, 2.0020829574928687, 9.396881837833867, 8.836460825387118], "1,0,0,1,0,0,0,0,1,1,0": [10.209237927733303, 4.9355265332901475, 0.0, -1.0], "1,0,1,0,0,1,0,0,1,0,0": [0.0, 0.0, 0.0, 8.19849210416118], "0,0,1,1,0,0,0,1,0,0,1": [7.938948423355294, 0.0, 11.72446079759196, 1.656548526613208], "0,0,1,0,0,0,1,1,0,0,0": [1.16052118257956, 8.156400676784372, 14.270379040179183, 0.0], "1,0,0,0,0,0,1,1,0,0,1": [0.0, 0.0, 6.375761719126917, 4.72985927530869], "1,1,0,0,1,0,0,0,1,0,0": [2.6575997577660426, 0.0, 0.0, 0.0], "0,1,0,0,1,0,0,0,1,0,1": [8.772030811098091, 0.0, 1.203862964158452, 11.647836181278569], "0,1,0,0,0,0,1,0,1,0,0": [0.0, 7.792326758187573, 0.0, 16.424351200319915], "1,0,0,0,0,1,0,1,0,1,0": [0.0, 0.0, 6.982103317382216, 0.8532345323956378], "0,1,0,1,0,0,0,0,0,1,0": [0.0, 2.515098631921789, 4.899688612570072, 0.0], "0,0,1,0,0,0,1,0,0,1,0": [0.0, 1.2055745039571946, 3.5445324506469045, 0.0], "1,0,1,1,0,0,0,1,0,0,0": [1.5590551251277887, 0.0, 0.0, 0.0], "0,1,0,0,1,0,0,1,0,0,1": [8.26859871465798, 0.0, 0.7206947696724108, 7.057349223285495], "1,0,0,0,0,1,0,1,0,0,1": [0.0, -3.4133150394021388, 10.104590482346776, 6.432280788783797], "0,1,1,0,0,1,0,1,0,0,1": [2.815975794105131, 0.0, 0.0, 0.0], "0,1,0,0,1,0,0,0,1,0,0": [7.794252669909457, 0.0, 0.0, 13.835243413139585], "1,0,0,0,1,0,0,0,1,0,0": [1.2948139511937304, 1.4879884299990365, 0.0, 0.0], "0,0,0,0,1,0,0,0,0,0,1": [5.151427634367743, 13.89409484196675, 5.460248967116193, 9.336851757482552], "1,0,0,0,0,0,1,0,1,0,1": [0.0, 0.0, 3.1716440563945736, 7.173794291948165], "0,1,0,1,0,0,0,0,1,0,1": [0.0, 11.82113636635069, 9.077639811334793, 3.589526128445003], "0,0,1,0,0,0,1,0,1,0,0": [0.0, 6.153085421301298, 3.7398341180600334, 0.0], "1,0,0,0,0,0,1,0,1,1,0": [-1.9, 0.0, 7.643916767444335, 10.379579131219934], "0,1,1,0,1,0,0,0,1,1,0": [0.0, 0.0, 0.0, 8.78639787591184], "0,1,0,0,0,1,0,1,0,0,1": [8.731882037246276, 1.3109141255759038, 11.704510700746855, 0.0], "0,1,0,0,0,0,1,0,0,0,1": [2.124786881289628, 8.319355551271423, 0.0, 7.3875849072096464], "1,0,0,0,0,0,1,0,1,0,0": [-1.9, 0.0, 1.3808815344938845, 5.090406083716232], "0,1,0,0,1,0,0,1,0,1,0": [10.41364035531802, 0.0, 0.07218676550875733, 8.619269053076781], "0,0,1,0,0,0,1,0,1,1,0": [1.3970265617740458, 7.375364173963158, 8.493989668857168, 0.0], "1,0,1,0,1,0,0,0,0,1,0": [0.0, -0.1, 0.0, 0.0], "0,1,1,0,0,0,1,0,0,1,0": [0.0, -0.047630050356103154, 0.0, 0.0], "1,0,1,0,0,0,1,0,1,1,0": [0.0, 0.0, 6.11125668596357, 0.0], "1,1,1,1,0,0,0,0,1,1,0": [0.0, 0.0, -4.0951, 0.0], "0,1,1,1,0,0,0,0,1,1,0": [0.0, 0.0, 5.907607505039496, 0.0],